district,temperature,month,year,average_temperature,rainfall,population_density,ndvi_value,disaster_type
Lilongwe,21,January,2021,21.3,130,630,0.31,Drought
Lilongwe,23,February,2021,23.2,150,640,0.34,Flooding
Lilongwe,24,March,2021,24.1,170,650,0.37,Landslide
Lilongwe,21,April,2021,21.4,130,660,0.35,Drought
Lilongwe,20,May,2021,20.3,110,670,0.32,Windstorm
Lilongwe,19,June,2021,19.2,80,680,0.29,Flooding
Lilongwe,18,July,2021,18.1,60,690,0.26,Drought
Lilongwe,17,August,2021,17.2,40,700,0.23,Windstorm
Lilongwe,18,September,2021,18.1,60,710,0.26,Landslide
Lilongwe,20,October,2021,20.2,80,720,0.29,Flooding
Lilongwe,21,November,2021,21.1,100,730,0.32,Drought
Lilongwe,22,December,2021,22.2,120,740,0.35,Windstorm
Lilongwe,22,January,2022,22.3,150,650,0.35,Drought
Lilongwe,24,February,2022,24.2,180,660,0.38,Flooding
Lilongwe,25,March,2022,25.1,200,670,0.42,Landslide
Lilongwe,22,April,2022,22.4,150,680,0.36,Drought
Lilongwe,21,May,2022,21.3,130,690,0.33,Windstorm
Lilongwe,20,June,2022,21.2,100,700,0.30,Flooding
Lilongwe,19,July,2022,19.1,80,710,0.27,Drought
Lilongwe,18,August,2022,18.2,60,720,0.24,Windstorm
Lilongwe,19,September,2022,19.1,80,730,0.27,Landslide
Lilongwe,21,October,2022,21.2,100,740,0.30,Flooding
Lilongwe,22,November,2022,23.1,120,750,0.33,Drought
Lilongwe,23,December,2022,23.2,140,760,0.36,Windstorm
