"region","Unit","Date","Value"
"Northern","Millimetres","2019","925.87"
"Northern","Millimetres","2019M1","256.52"
"Northern","Millimetres","2019M2","194.86"
"Northern","Millimetres","2019M3","142.47"
"Northern","Millimetres","2019M4","92.47"
"Northern","Millimetres","2019M5","0.06"
"Northern","Millimetres","2019M6","0"
"Northern","Millimetres","2019M7","0"
"Northern","Millimetres","2019M8","0.34"
"Northern","Millimetres","2019M9","0"
"Northern","Millimetres","2019M10","10.39"
"Northern","Millimetres","2019M11","58.03"
"Northern","Millimetres","2019M12","170.73"
"Central","Millimetres","2019M1","257.74"
"Central","Millimetres","2019M2","272.1"
"Central","Millimetres","2019M3","236.6"
"Central","Millimetres","2019M4","57.32"
"Central","Millimetres","2019M5","0.95"
"Central","Millimetres","2019M6","0.04"
"Central","Millimetres","2019M7","0.04"
"Central","Millimetres","2019M8","1.8"
"Central","Millimetres","2019M9","0.17"
"Central","Millimetres","2019M10","3.98"
"Central","Millimetres","2019M11","35.94"
"Central","Millimetres","2019M12","222.36"
"Central","Millimetres","2019","1089.04"
"Southern","Millimetres","2019M1","321.75"
"Southern","Millimetres","2019M2","215.56"
"Southern","Millimetres","2019M3","164.79"
"Southern","Millimetres","2019M4","67.06"
"Southern","Millimetres","2019M5","3.19"
"Southern","Millimetres","2019M6","5.62"
"Southern","Millimetres","2019M7","3.66"
"Southern","Millimetres","2019M8","2.17"
"Southern","Millimetres","2019M9","1.63"
"Southern","Millimetres","2019M10","27.61"
"Southern","Millimetres","2019M11","84.99"
"Southern","Millimetres","2019M12","235.68"
"Southern","Millimetres","2019","1133.71"
"Chitipa","Millimetres","2019M1","174.73"
"Chitipa","Millimetres","2019M2","167.63"
"Chitipa","Millimetres","2019M3","251.32"
"Chitipa","Millimetres","2019M4","171.54"
"Chitipa","Millimetres","2019M5","1.01"
"Chitipa","Millimetres","2019M6","1.4"
"Chitipa","Millimetres","2019M7","0"
"Chitipa","Millimetres","2019M8","0"
"Chitipa","Millimetres","2019M9","1.8"
"Chitipa","Millimetres","2019M10","1.68"
"Chitipa","Millimetres","2019M11","50.27"
"Chitipa","Millimetres","2019M12","141.711111111111"
"Chitipa","Millimetres","2019","963.091111111111"
"Karonga","Millimetres","2019","1502.37"
"Karonga","Millimetres","2019M1","281.28"
"Karonga","Millimetres","2019M2","221.89"
"Karonga","Millimetres","2019M3","247.57"
"Karonga","Millimetres","2019M4","356.79"
"Karonga","Millimetres","2019M5","36.72"
"Karonga","Millimetres","2019M6","49.66"
"Karonga","Millimetres","2019M7","18.52"
"Karonga","Millimetres","2019M8","5.57"
"Karonga","Millimetres","2019M9","0.1"
"Karonga","Millimetres","2019M10","14.7"
"Karonga","Millimetres","2019M11","108.33"
"Karonga","Millimetres","2019M12","161.24"
"Nkhata Bay","Millimetres","2019","784.18"
"Nkhata Bay","Millimetres","2019M1","243.76"
"Nkhata Bay","Millimetres","2019M2","191.73"
"Nkhata Bay","Millimetres","2019M3","114.34"
"Nkhata Bay","Millimetres","2019M4","47.52"
"Nkhata Bay","Millimetres","2019M5","0.87"
"Nkhata Bay","Millimetres","2019M6","0.19"
"Nkhata Bay","Millimetres","2019M7","0"
"Nkhata Bay","Millimetres","2019M8","0.18"
"Nkhata Bay","Millimetres","2019M9","0.12"
"Nkhata Bay","Millimetres","2019M10","8.71"
"Nkhata Bay","Millimetres","2019M11","44.56"
"Nkhata Bay","Millimetres","2019M12","132.2"
"Mzimba","Millimetres","2019M1","275.74"
"Mzimba","Millimetres","2019M2","183.57"
"Mzimba","Millimetres","2019M3","145.34"
"Mzimba","Millimetres","2019M4","209.91"
"Mzimba","Millimetres","2019M5","11.19"
"Mzimba","Millimetres","2019M6","13.88"
"Mzimba","Millimetres","2019M7","15.53"
"Mzimba","Millimetres","2019M8","13.28"
"Mzimba","Millimetres","2019M9","1.59"
"Mzimba","Millimetres","2019M10","46.6"
"Mzimba","Millimetres","2019M11","55.03"
"Mzimba","Millimetres","2019M12","131.63"
"Mzimba","Millimetres","2019","1103.29"
"Mzuzu","Millimetres","2019","1320.63"
"Mzuzu","Millimetres","2019M1","281.2"
"Mzuzu","Millimetres","2019M2","276.11"
"Mzuzu","Millimetres","2019M3","314.95"
"Mzuzu","Millimetres","2019M4","115.55"
"Mzuzu","Millimetres","2019M5","3.95"
"Mzuzu","Millimetres","2019M6","2.57"
"Mzuzu","Millimetres","2019M7","1.06"
"Mzuzu","Millimetres","2019M8","1.47"
"Mzuzu","Millimetres","2019M9","0.01"
"Mzuzu","Millimetres","2019M10","5.89"
"Mzuzu","Millimetres","2019M11","77.61"
"Mzuzu","Millimetres","2019M12","240.26"
"Nkhotakota","Millimetres","2019","788.12"
"Nkhotakota","Millimetres","2019M1","215.3"
"Nkhotakota","Millimetres","2019M2","205.92"
"Nkhotakota","Millimetres","2019M3","116.06"
"Nkhotakota","Millimetres","2019M4","40.84"
"Nkhotakota","Millimetres","2019M5","5.65"
"Nkhotakota","Millimetres","2019M6","0"
"Nkhotakota","Millimetres","2019M7","0.06"
"Nkhotakota","Millimetres","2019M8","0"
"Nkhotakota","Millimetres","2019M9","0"
"Nkhotakota","Millimetres","2019M10","9.56"
"Nkhotakota","Millimetres","2019M11","39.06"
"Nkhotakota","Millimetres","2019M12","155.67"
"Salima","Millimetres","2019M1","254.23"
"Salima","Millimetres","2019M2","220.3"
"Salima","Millimetres","2019M3","158.44"
"Salima","Millimetres","2019M4","51.18"
"Salima","Millimetres","2019M5","5.27"
"Salima","Millimetres","2019M6","0.27"
"Salima","Millimetres","2019M7","0.04"
"Salima","Millimetres","2019M8","1.45"
"Salima","Millimetres","2019M9","0"
"Salima","Millimetres","2019M10","15.26"
"Salima","Millimetres","2019M11","51.91"
"Salima","Millimetres","2019M12","184.34"
"Salima","Millimetres","2019","942.69"
"Chitedze (b)","Millimetres","2019M1","296.41"
"Chitedze (b)","Millimetres","2019M2","147.63"
"Chitedze (b)","Millimetres","2019M3","133.12"
"Chitedze (b)","Millimetres","2019M4","36.77"
"Chitedze (b)","Millimetres","2019M5","1.67"
"Chitedze (b)","Millimetres","2019M6","0.65"
"Chitedze (b)","Millimetres","2019M7","0.55"
"Chitedze (b)","Millimetres","2019M8","2.56"
"Chitedze (b)","Millimetres","2019M9","0.77"
"Chitedze (b)","Millimetres","2019M10","17.34"
"Chitedze (b)","Millimetres","2019M11","88.75"
"Chitedze (b)","Millimetres","2019M12","144.62"
"Chitedze (b)","Millimetres","2019","870.84"
"Dedza","Millimetres","2019","929.26"
"Dedza","Millimetres","2019M1","265.01"
"Dedza","Millimetres","2019M2","185.14"
"Dedza","Millimetres","2019M3","138.56"
"Dedza","Millimetres","2019M4","55.68"
"Dedza","Millimetres","2019M5","1.48"
"Dedza","Millimetres","2019M6","0.25"
"Dedza","Millimetres","2019M7","1.94"
"Dedza","Millimetres","2019M8","0.2"
"Dedza","Millimetres","2019M9","0"
"Dedza","Millimetres","2019M10","31.03"
"Dedza","Millimetres","2019M11","69.47"
"Dedza","Millimetres","2019M12","180.5"
"Mangochi","Millimetres","2019","825.88"
"Mangochi","Millimetres","2019M1","168.35"
"Mangochi","Millimetres","2019M2","205.38"
"Mangochi","Millimetres","2019M3","192.15"
"Mangochi","Millimetres","2019M4","73.41"
"Mangochi","Millimetres","2019M5","22.94"
"Mangochi","Millimetres","2019M6","0.08"
"Mangochi","Millimetres","2019M7","0.15"
"Mangochi","Millimetres","2019M8","0.6"
"Mangochi","Millimetres","2019M9","0"
"Mangochi","Millimetres","2019M10","5.25"
"Mangochi","Millimetres","2019M11","48.08"
"Mangochi","Millimetres","2019M12","109.49"
"Makoka (a)","Millimetres","2019M1","329.9"
"Makoka (a)","Millimetres","2019M2","227.1"
"Makoka (a)","Millimetres","2019M3","166.08"
"Makoka (a)","Millimetres","2019M4","64.48"
"Makoka (a)","Millimetres","2019M5","5.5"
"Makoka (a)","Millimetres","2019M6","9.35"
"Makoka (a)","Millimetres","2019M7","6.97"
"Makoka (a)","Millimetres","2019M8","4.81"
"Makoka (a)","Millimetres","2019M9","1.89"
"Makoka (a)","Millimetres","2019M10","22.37"
"Makoka (a)","Millimetres","2019M11","63.43"
"Makoka (a)","Millimetres","2019M12","234.33"
"Makoka (a)","Millimetres","2019","1136.21"
"Chichiri","Millimetres","2019","1163.31777777778"
"Chichiri","Millimetres","2019M1","335.82"
"Chichiri","Millimetres","2019M2","203.1"
"Chichiri","Millimetres","2019M3","210.766666666667"
"Chichiri","Millimetres","2019M4","68.58"
"Chichiri","Millimetres","2019M5","3.77"
"Chichiri","Millimetres","2019M6","4.92"
"Chichiri","Millimetres","2019M7","0.8"
"Chichiri","Millimetres","2019M8","4.55"
"Chichiri","Millimetres","2019M9","1.32"
"Chichiri","Millimetres","2019M10","34.08"
"Chichiri","Millimetres","2019M11","71.8"
"Chichiri","Millimetres","2019M12","223.811111111111"
"Chileka","Millimetres","2019","729.43"
"Chileka","Millimetres","2019M1","198.71"
"Chileka","Millimetres","2019M2","100.68"
"Chileka","Millimetres","2019M3","156.01"
"Chileka","Millimetres","2019M4","59.6"
"Chileka","Millimetres","2019M5","4.8"
"Chileka","Millimetres","2019M6","4.74"
"Chileka","Millimetres","2019M7","4.75"
"Chileka","Millimetres","2019M8","0.19"
"Chileka","Millimetres","2019M9","6.64"
"Chileka","Millimetres","2019M10","5.59"
"Chileka","Millimetres","2019M11","48.71"
"Chileka","Millimetres","2019M12","139.01"
"Bvumbwe (b)","Millimetres","2019","1537.25"
"Bvumbwe (b)","Millimetres","2019M1","363.48"
"Bvumbwe (b)","Millimetres","2019M2","275.77"
"Bvumbwe (b)","Millimetres","2019M3","256.61"
"Bvumbwe (b)","Millimetres","2019M4","155.01"
"Bvumbwe (b)","Millimetres","2019M5","21.12"
"Bvumbwe (b)","Millimetres","2019M6","32.38"
"Bvumbwe (b)","Millimetres","2019M7","20.12"
"Bvumbwe (b)","Millimetres","2019M8","11.53"
"Bvumbwe (b)","Millimetres","2019M9","6.06"
"Bvumbwe (b)","Millimetres","2019M10","41.86"
"Bvumbwe (b)","Millimetres","2019M11","144.09"
"Bvumbwe (b)","Millimetres","2019M12","209.22"
"Thyolo  Met.","Millimetres","2019","777.155555555555"
"Thyolo  Met.","Millimetres","2019M1","211.4"
"Thyolo  Met.","Millimetres","2019M2","167.433333333333"
"Thyolo  Met.","Millimetres","2019M3","157.411111111111"
"Thyolo  Met.","Millimetres","2019M4","27.2666666666667"
"Thyolo  Met.","Millimetres","2019M5","4.55555555555556"
"Thyolo  Met.","Millimetres","2019M6","4.08888888888889"
"Thyolo  Met.","Millimetres","2019M7","4.36666666666667"
"Thyolo  Met.","Millimetres","2019M8","1.05555555555556"
"Thyolo  Met.","Millimetres","2019M9","0"
"Thyolo  Met.","Millimetres","2019M10","6.12222222222222"
"Thyolo  Met.","Millimetres","2019M11","51.7"
"Thyolo  Met.","Millimetres","2019M12","141.755555555556"
