"indicator","region","Unit","Date","Value"
"Max","Chitipa (Aerodrome)","degree celsius","2019","27.1896111111111"
"Max","Chitipa (Aerodrome)","degree celsius","2019M1","27.2053333333333"
"Max","Chitipa (Aerodrome)","degree celsius","2019M2","27.3026666666667"
"Max","Chitipa (Aerodrome)","degree celsius","2019M3","27.3276666666667"
"Max","Chitipa (Aerodrome)","degree celsius","2019M4","26.3086666666667"
"Max","Chitipa (Aerodrome)","degree celsius","2019M5","25.6333333333333"
"Max","Chitipa (Aerodrome)","degree celsius","2019M6","24.459"
"Max","Chitipa (Aerodrome)","degree celsius","2019M7","24.2763333333333"
"Max","Chitipa (Aerodrome)","degree celsius","2019M8","25.8083333333333"
"Max","Chitipa (Aerodrome)","degree celsius","2019M9","28.0656666666667"
"Max","Chitipa (Aerodrome)","degree celsius","2019M10","30.5693333333333"
"Max","Chitipa (Aerodrome)","degree celsius","2019M11","30.9046666666667"
"Max","Chitipa (Aerodrome)","degree celsius","2019M12","28.4143333333333"
"Max","Karonga (Aerodrome)","degree celsius","2019","30.7788267124652"
"Max","Karonga (Aerodrome)","degree celsius","2019M1","30.831"
"Max","Karonga (Aerodrome)","degree celsius","2019M2","30.587"
"Max","Karonga (Aerodrome)","degree celsius","2019M3","30.4736666666667"
"Max","Karonga (Aerodrome)","degree celsius","2019M4","30.028"
"Max","Karonga (Aerodrome)","degree celsius","2019M5","29.955890083632"
"Max","Karonga (Aerodrome)","degree celsius","2019M6","28.8041666666667"
"Max","Karonga (Aerodrome)","degree celsius","2019M7","28.3183154121864"
"Max","Karonga (Aerodrome)","degree celsius","2019M8","29.4612903225806"
"Max","Karonga (Aerodrome)","degree celsius","2019M9","31.5513333333333"
"Max","Karonga (Aerodrome)","degree celsius","2019M10","33.6342688172043"
"Max","Karonga (Aerodrome)","degree celsius","2019M11","34.043"
"Max","Karonga (Aerodrome)","degree celsius","2019M12","31.6579892473118"
"Max","Rumphi (Bolero Met)","degree celsius","2019","28.7599130291005"
"Max","Rumphi (Bolero Met)","degree celsius","2019M1","28.6055555555556"
"Max","Rumphi (Bolero Met)","degree celsius","2019M2","28.522"
"Max","Rumphi (Bolero Met)","degree celsius","2019M3","27.654"
"Max","Rumphi (Bolero Met)","degree celsius","2019M4","27.7844444444444"
"Max","Rumphi (Bolero Met)","degree celsius","2019M5","27.4622222222222"
"Max","Rumphi (Bolero Met)","degree celsius","2019M6","26.1414285714286"
"Max","Rumphi (Bolero Met)","degree celsius","2019M7","25.76"
"Max","Rumphi (Bolero Met)","degree celsius","2019M8","27.6975"
"Max","Rumphi (Bolero Met)","degree celsius","2019M9","29.98125"
"Max","Rumphi (Bolero Met)","degree celsius","2019M10","32.17625"
"Max","Rumphi (Bolero Met)","degree celsius","2019M11","32.6755555555556"
"Max","Rumphi (Bolero Met)","degree celsius","2019M12","30.65875"
"Max","Nkhata Bay (Mkondezi)","degree celsius","2019","30.2919097222222"
"Max","Nkhata Bay (Mkondezi)","degree celsius","2019M1","30.7466666666667"
"Max","Nkhata Bay (Mkondezi)","degree celsius","2019M2","30.43"
"Max","Nkhata Bay (Mkondezi)","degree celsius","2019M3","30.2166666666667"
"Max","Nkhata Bay (Mkondezi)","degree celsius","2019M4","29.27"
"Max","Nkhata Bay (Mkondezi)","degree celsius","2019M5","28.3875"
"Max","Nkhata Bay (Mkondezi)","degree celsius","2019M6","26.8833333333333"
"Max","Nkhata Bay (Mkondezi)","degree celsius","2019M7","26.9"
"Max","Nkhata Bay (Mkondezi)","degree celsius","2019M8","28.8125"
"Max","Nkhata Bay (Mkondezi)","degree celsius","2019M9","31.6479166666667"
"Max","Nkhata Bay (Mkondezi)","degree celsius","2019M10","33.71"
"Max","Nkhata Bay (Mkondezi)","degree celsius","2019M11","34.36"
"Max","Nkhata Bay (Mkondezi)","degree celsius","2019M12","32.1383333333333"
"Max","Mzimba (Aerodrome)","degree celsius","2019","26.288081358807"
"Max","Mzimba (Aerodrome)","degree celsius","2019M1","26.0405806451613"
"Max","Mzimba (Aerodrome)","degree celsius","2019M2","26.217119047619"
"Max","Mzimba (Aerodrome)","degree celsius","2019M3","26.6324408602151"
"Max","Mzimba (Aerodrome)","degree celsius","2019M4","26.0189"
"Max","Mzimba (Aerodrome)","degree celsius","2019M5","25.277997311828"
"Max","Mzimba (Aerodrome)","degree celsius","2019M6","23.735625"
"Max","Mzimba (Aerodrome)","degree celsius","2019M7","23.3258602150538"
"Max","Mzimba (Aerodrome)","degree celsius","2019M8","23.437688172043"
"Max","Mzimba (Aerodrome)","degree celsius","2019M9","27.1394166666667"
"Max","Mzimba (Aerodrome)","degree celsius","2019M10","29.4340322580645"
"Max","Mzimba (Aerodrome)","degree celsius","2019M11","30.2201333333333"
"Max","Mzimba (Aerodrome)","degree celsius","2019M12","27.9771827956989"
"Max","Mzimba (Mzuzu Airport)","degree celsius","2019","25.0800401234568"
"Max","Mzimba (Mzuzu Airport)","degree celsius","2019M1","26.4566666666667"
"Max","Mzimba (Mzuzu Airport)","degree celsius","2019M2","26.169"
"Max","Mzimba (Mzuzu Airport)","degree celsius","2019M3","25.5840740740741"
"Max","Mzimba (Mzuzu Airport)","degree celsius","2019M4","23.9474074074074"
"Max","Mzimba (Mzuzu Airport)","degree celsius","2019M5","22.7744444444444"
"Max","Mzimba (Mzuzu Airport)","degree celsius","2019M6","21.5007407407407"
"Max","Mzimba (Mzuzu Airport)","degree celsius","2019M7","21.5777777777778"
"Max","Mzimba (Mzuzu Airport)","degree celsius","2019M8","23.8648148148148"
"Max","Mzimba (Mzuzu Airport)","degree celsius","2019M9","25.6855555555556"
"Max","Mzimba (Mzuzu Airport)","degree celsius","2019M10","28.015"
"Max","Mzimba (Mzuzu Airport)","degree celsius","2019M11","28.4396666666667"
"Max","Mzimba (Mzuzu Airport)","degree celsius","2019M12","26.9453333333333"
"Max","Kasungu (Aerodrome)","degree celsius","2019M1","27.86"
"Max","Kasungu (Aerodrome)","degree celsius","2019M2","28.37"
"Max","Kasungu (Aerodrome)","degree celsius","2019M3","28.4033333333333"
"Max","Kasungu (Aerodrome)","degree celsius","2019M4","28.4473333333333"
"Max","Kasungu (Aerodrome)","degree celsius","2019M5","27.8666666666667"
"Max","Kasungu (Aerodrome)","degree celsius","2019M6","26.225"
"Max","Kasungu (Aerodrome)","degree celsius","2019M7","25.425"
"Max","Kasungu (Aerodrome)","degree celsius","2019M8","26.8875"
"Max","Kasungu (Aerodrome)","degree celsius","2019M9","29.4125"
"Max","Kasungu (Aerodrome)","degree celsius","2019M10","31.76"
"Max","Kasungu (Aerodrome)","degree celsius","2019M11","31.83"
"Max","Kasungu (Aerodrome)","degree celsius","2019M12","29.6333333333333"
"Max","Kasungu (Aerodrome)","degree celsius","2019","28.5100555555556"
"Max","Nkhotakota (Aerodrome)","degree celsius","2019","29.0383703703704"
"Max","Nkhotakota (Aerodrome)","degree celsius","2019M1","28.8"
"Max","Nkhotakota (Aerodrome)","degree celsius","2019M2","28.932"
"Max","Nkhotakota (Aerodrome)","degree celsius","2019M3","28.941"
"Max","Nkhotakota (Aerodrome)","degree celsius","2019M4","28.4588888888889"
"Max","Nkhotakota (Aerodrome)","degree celsius","2019M5","27.808"
"Max","Nkhotakota (Aerodrome)","degree celsius","2019M6","26.2455555555556"
"Max","Nkhotakota (Aerodrome)","degree celsius","2019M7","26.0973333333333"
"Max","Nkhotakota (Aerodrome)","degree celsius","2019M8","27.698"
"Max","Nkhotakota (Aerodrome)","degree celsius","2019M9","29.9616666666667"
"Max","Nkhotakota (Aerodrome)","degree celsius","2019M10","32.4606666666667"
"Max","Nkhotakota (Aerodrome)","degree celsius","2019M11","32.655"
"Max","Nkhotakota (Aerodrome)","degree celsius","2019M12","30.4023333333333"
"Max","Lilongwe (Chitedze)","degree celsius","2019","27.5090956790123"
"Max","Lilongwe (Chitedze)","degree celsius","2019M1","26.6213333333333"
"Max","Lilongwe (Chitedze)","degree celsius","2019M2","27.4203333333333"
"Max","Lilongwe (Chitedze)","degree celsius","2019M3","27.664"
"Max","Lilongwe (Chitedze)","degree celsius","2019M4","26.841"
"Max","Lilongwe (Chitedze)","degree celsius","2019M5","26.3003703703704"
"Max","Lilongwe (Chitedze)","degree celsius","2019M6","24.6637037037037"
"Max","Lilongwe (Chitedze)","degree celsius","2019M7","24.0157407407407"
"Max","Lilongwe (Chitedze)","degree celsius","2019M8","26.2533333333333"
"Max","Lilongwe (Chitedze)","degree celsius","2019M9","28.8406666666667"
"Max","Lilongwe (Chitedze)","degree celsius","2019M10","30.9686666666667"
"Max","Lilongwe (Chitedze)","degree celsius","2019M11","31.4113333333333"
"Max","Lilongwe (Chitedze)","degree celsius","2019M12","29.1086666666667"
"Max","Salima (Airport)","degree celsius","2019","29.9380555555556"
"Max","Salima (Airport)","degree celsius","2019M1","29.538"
"Max","Salima (Airport)","degree celsius","2019M2","29.685"
"Max","Salima (Airport)","degree celsius","2019M3","29.3086666666667"
"Max","Salima (Airport)","degree celsius","2019M4","29.5073333333333"
"Max","Salima (Airport)","degree celsius","2019M5","28.5866666666667"
"Max","Salima (Airport)","degree celsius","2019M6","26.995"
"Max","Salima (Airport)","degree celsius","2019M7","26.6066666666667"
"Max","Salima (Airport)","degree celsius","2019M8","28.8213333333333"
"Max","Salima (Airport)","degree celsius","2019M9","31.5756666666667"
"Max","Salima (Airport)","degree celsius","2019M10","33.3333333333333"
"Max","Salima (Airport)","degree celsius","2019M11","33.683"
"Max","Salima (Airport)","degree celsius","2019M12","31.616"
"Max","Lilongwe (Kamuzu Airport)","degree celsius","2019","26.2946604938272"
"Max","Lilongwe (Kamuzu Airport)","degree celsius","2019M1","26.5037037037037"
"Max","Lilongwe (Kamuzu Airport)","degree celsius","2019M2","26.6555555555556"
"Max","Lilongwe (Kamuzu Airport)","degree celsius","2019M3","26.56"
"Max","Lilongwe (Kamuzu Airport)","degree celsius","2019M4","24.9"
"Max","Lilongwe (Kamuzu Airport)","degree celsius","2019M5","23.9"
"Max","Lilongwe (Kamuzu Airport)","degree celsius","2019M6","23.5"
"Max","Lilongwe (Kamuzu Airport)","degree celsius","2019M7","23.1766666666667"
"Max","Lilongwe (Kamuzu Airport)","degree celsius","2019M8","25.16"
"Max","Lilongwe (Kamuzu Airport)","degree celsius","2019M9","27.4766666666667"
"Max","Lilongwe (Kamuzu Airport)","degree celsius","2019M10","29.8966666666667"
"Max","Lilongwe (Kamuzu Airport)","degree celsius","2019M11","29.96"
"Max","Lilongwe (Kamuzu Airport)","degree celsius","2019M12","27.8466666666667"
"Max","Dedza (Met)","degree celsius","2019","23.6497222222222"
"Max","Dedza (Met)","degree celsius","2019M1","23.892"
"Max","Dedza (Met)","degree celsius","2019M2","23.9973333333333"
"Max","Dedza (Met)","degree celsius","2019M3","24.236"
"Max","Dedza (Met)","degree celsius","2019M4","23.2773333333333"
"Max","Dedza (Met)","degree celsius","2019M5","22.4766666666667"
"Max","Dedza (Met)","degree celsius","2019M6","20.7656666666667"
"Max","Dedza (Met)","degree celsius","2019M7","20.3056666666667"
"Max","Dedza (Met)","degree celsius","2019M8","22.255"
"Max","Dedza (Met)","degree celsius","2019M9","24.537"
"Max","Dedza (Met)","degree celsius","2019M10","26.405"
"Max","Dedza (Met)","degree celsius","2019M11","26.4706666666667"
"Max","Dedza (Met)","degree celsius","2019M12","25.1783333333333"
"Max","Blantyre (Chileka)","degree celsius","2019","28.6407638888889"
"Max","Blantyre (Chileka)","degree celsius","2019M1","28.6633333333333"
"Max","Blantyre (Chileka)","degree celsius","2019M2","28.9181481481481"
"Max","Blantyre (Chileka)","degree celsius","2019M3","28.7375"
"Max","Blantyre (Chileka)","degree celsius","2019M4","27.425"
"Max","Blantyre (Chileka)","degree celsius","2019M5","26.912962962963"
"Max","Blantyre (Chileka)","degree celsius","2019M6","25.2262962962963"
"Max","Blantyre (Chileka)","degree celsius","2019M7","24.442962962963"
"Max","Blantyre (Chileka)","degree celsius","2019M8","27.2014814814815"
"Max","Blantyre (Chileka)","degree celsius","2019M9","30.7688888888889"
"Max","Blantyre (Chileka)","degree celsius","2019M10","32.0840740740741"
"Max","Blantyre (Chileka)","degree celsius","2019M11","32.6196296296296"
"Max","Blantyre (Chileka)","degree celsius","2019M12","30.6888888888889"
"Max","Blantyre (Chichiri)","degree celsius","2019","26.3132888288084"
"Max","Blantyre (Chichiri)","degree celsius","2019M1","26.5854623655914"
"Max","Blantyre (Chichiri)","degree celsius","2019M2","25.906275862069"
"Max","Blantyre (Chichiri)","degree celsius","2019M3","26.7468172043011"
"Max","Blantyre (Chichiri)","degree celsius","2019M4","25.299"
"Max","Blantyre (Chichiri)","degree celsius","2019M5","24.1494086021505"
"Max","Blantyre (Chichiri)","degree celsius","2019M6","22.7436296296296"
"Max","Blantyre (Chichiri)","degree celsius","2019M7","22.3036798088411"
"Max","Blantyre (Chichiri)","degree celsius","2019M8","24.7046774193548"
"Max","Blantyre (Chichiri)","degree celsius","2019M9","28.4531333333333"
"Max","Blantyre (Chichiri)","degree celsius","2019M10","30.2815483870968"
"Max","Blantyre (Chichiri)","degree celsius","2019M11","30.2100333333333"
"Max","Blantyre (Chichiri)","degree celsius","2019M12","28.3758"
"Max","Mangochi (Monkey Bay Met)","degree celsius","2019","30.04"
"Max","Mangochi (Monkey Bay Met)","degree celsius","2019M1","29.43"
"Max","Mangochi (Monkey Bay Met)","degree celsius","2019M2","29.74"
"Max","Mangochi (Monkey Bay Met)","degree celsius","2019M3","29.95"
"Max","Mangochi (Monkey Bay Met)","degree celsius","2019M4","29.38"
"Max","Mangochi (Monkey Bay Met)","degree celsius","2019M5","28.61"
"Max","Mangochi (Monkey Bay Met)","degree celsius","2019M6","27.56"
"Max","Mangochi (Monkey Bay Met)","degree celsius","2019M7","26.81"
"Max","Mangochi (Monkey Bay Met)","degree celsius","2019M8","28.62"
"Max","Mangochi (Monkey Bay Met)","degree celsius","2019M9","32.01"
"Max","Mangochi (Monkey Bay Met)","degree celsius","2019M10","33.44"
"Max","Mangochi (Monkey Bay Met)","degree celsius","2019M11","33.35"
"Max","Mangochi (Monkey Bay Met)","degree celsius","2019M12","31.58"
"Max","Zomba (Makoka)","degree celsius","2019","27.1629907407407"
"Max","Zomba (Makoka)","degree celsius","2019M1","27.31"
"Max","Zomba (Makoka)","degree celsius","2019M2","27.6406666666667"
"Max","Zomba (Makoka)","degree celsius","2019M3","27.5783333333333"
"Max","Zomba (Makoka)","degree celsius","2019M4","26.3907407407407"
"Max","Zomba (Makoka)","degree celsius","2019M5","25.4546666666667"
"Max","Zomba (Makoka)","degree celsius","2019M6","23.661"
"Max","Zomba (Makoka)","degree celsius","2019M7","23.869"
"Max","Zomba (Makoka)","degree celsius","2019M8","25.1455555555556"
"Max","Zomba (Makoka)","degree celsius","2019M9","28.8722222222222"
"Max","Zomba (Makoka)","degree celsius","2019M10","30.5159259259259"
"Max","Zomba (Makoka)","degree celsius","2019M11","30.5340740740741"
"Max","Zomba (Makoka)","degree celsius","2019M12","28.9837037037037"
"Max","Mangochi (Aerodrome)","degree celsius","2019M1","30.4807777777778"
"Max","Mangochi (Aerodrome)","degree celsius","2019M2","30.5857317149082"
"Max","Mangochi (Aerodrome)","degree celsius","2019M3","31.1362832244009"
"Max","Mangochi (Aerodrome)","degree celsius","2019M4","30.453845751634"
"Max","Mangochi (Aerodrome)","degree celsius","2019M5","29.4303322440087"
"Max","Mangochi (Aerodrome)","degree celsius","2019M6","27.944640795207"
"Max","Mangochi (Aerodrome)","degree celsius","2019M7","27.4317356572259"
"Max","Mangochi (Aerodrome)","degree celsius","2019M8","29.6376838235294"
"Max","Mangochi (Aerodrome)","degree celsius","2019M9","32.9114675925926"
"Max","Mangochi (Aerodrome)","degree celsius","2019M10","34.6327254901961"
"Max","Mangochi (Aerodrome)","degree celsius","2019M11","34.7844989106754"
"Max","Mangochi (Aerodrome)","degree celsius","2019M12","32.7823050108932"
"Max","Mangochi (Aerodrome)","degree celsius","2019","31.0176689994208"
"Min","Chitipa (Aerodrome)","degree celsius","2019","16.9199104938272"
"Min","Chitipa (Aerodrome)","degree celsius","2019M1","17.8743333333333"
"Min","Chitipa (Aerodrome)","degree celsius","2019M2","17.611"
"Min","Chitipa (Aerodrome)","degree celsius","2019M3","17.9096666666667"
"Min","Chitipa (Aerodrome)","degree celsius","2019M4","17.327"
"Min","Chitipa (Aerodrome)","degree celsius","2019M5","16.2593333333333"
"Min","Chitipa (Aerodrome)","degree celsius","2019M6","13.877"
"Min","Chitipa (Aerodrome)","degree celsius","2019M7","13.7186666666667"
"Min","Chitipa (Aerodrome)","degree celsius","2019M8","14.7766666666667"
"Min","Chitipa (Aerodrome)","degree celsius","2019M9","16.7059259259259"
"Min","Chitipa (Aerodrome)","degree celsius","2019M10","18.866"
"Min","Chitipa (Aerodrome)","degree celsius","2019M11","19.4426666666667"
"Min","Chitipa (Aerodrome)","degree celsius","2019M12","18.6706666666667"
"Min","Karonga (Aerodrome)","degree celsius","2019M1","22.0126666666667"
"Min","Karonga (Aerodrome)","degree celsius","2019M2","21.623"
"Min","Karonga (Aerodrome)","degree celsius","2019M3","20.851"
"Min","Karonga (Aerodrome)","degree celsius","2019M4","20.9006666666667"
"Min","Karonga (Aerodrome)","degree celsius","2019M5","19.4941457586619"
"Min","Karonga (Aerodrome)","degree celsius","2019M6","17.6441666666667"
"Min","Karonga (Aerodrome)","degree celsius","2019M7","16.4938590203106"
"Min","Karonga (Aerodrome)","degree celsius","2019M8","17.298935483871"
"Min","Karonga (Aerodrome)","degree celsius","2019M9","19.167"
"Min","Karonga (Aerodrome)","degree celsius","2019M10","21.553688172043"
"Min","Karonga (Aerodrome)","degree celsius","2019M11","22.8576666666667"
"Min","Karonga (Aerodrome)","degree celsius","2019M12","22.6017956989247"
"Min","Karonga (Aerodrome)","degree celsius","2019","20.2082159000398"
"Min","Rumphi (Bolero Met)","degree celsius","2019","16.3331404320988"
"Min","Rumphi (Bolero Met)","degree celsius","2019M1","18.9063333333333"
"Min","Rumphi (Bolero Met)","degree celsius","2019M2","18.907"
"Min","Rumphi (Bolero Met)","degree celsius","2019M3","18.4316666666667"
"Min","Rumphi (Bolero Met)","degree celsius","2019M4","16.6285185185185"
"Min","Rumphi (Bolero Met)","degree celsius","2019M5","13.53"
"Min","Rumphi (Bolero Met)","degree celsius","2019M6","10.4875"
"Min","Rumphi (Bolero Met)","degree celsius","2019M7","9.71111111111111"
"Min","Rumphi (Bolero Met)","degree celsius","2019M8","12.1311111111111"
"Min","Rumphi (Bolero Met)","degree celsius","2019M9","16.3988888888889"
"Min","Rumphi (Bolero Met)","degree celsius","2019M10","20.1855555555556"
"Min","Rumphi (Bolero Met)","degree celsius","2019M11","20.9933333333333"
"Min","Rumphi (Bolero Met)","degree celsius","2019M12","19.6866666666667"
"Min","Nkhata Bay (Mkondezi)","degree celsius","2019","18.0658680555556"
"Min","Nkhata Bay (Mkondezi)","degree celsius","2019M1","21.5666666666667"
"Min","Nkhata Bay (Mkondezi)","degree celsius","2019M2","21.1633333333333"
"Min","Nkhata Bay (Mkondezi)","degree celsius","2019M3","20.9966666666667"
"Min","Nkhata Bay (Mkondezi)","degree celsius","2019M4","19.8133333333333"
"Min","Nkhata Bay (Mkondezi)","degree celsius","2019M5","17.0458333333333"
"Min","Nkhata Bay (Mkondezi)","degree celsius","2019M6","14.4104166666667"
"Min","Nkhata Bay (Mkondezi)","degree celsius","2019M7","13.3375"
"Min","Nkhata Bay (Mkondezi)","degree celsius","2019M8","14.09375"
"Min","Nkhata Bay (Mkondezi)","degree celsius","2019M9","15.08125"
"Min","Nkhata Bay (Mkondezi)","degree celsius","2019M10","17.7566666666667"
"Min","Nkhata Bay (Mkondezi)","degree celsius","2019M11","20.1"
"Min","Nkhata Bay (Mkondezi)","degree celsius","2019M12","21.425"
"Min","Mzimba (Aerodrome)","degree celsius","2019M1","17.739935483871"
"Min","Mzimba (Aerodrome)","degree celsius","2019M2","17.55875"
"Min","Mzimba (Aerodrome)","degree celsius","2019M3","17.4013870967742"
"Min","Mzimba (Aerodrome)","degree celsius","2019M4","16.5889333333333"
"Min","Mzimba (Aerodrome)","degree celsius","2019M5","14.910873655914"
"Min","Mzimba (Aerodrome)","degree celsius","2019M6","12.1245416666667"
"Min","Mzimba (Aerodrome)","degree celsius","2019M7","11.3663440860215"
"Min","Mzimba (Aerodrome)","degree celsius","2019M8","13.1027016129032"
"Min","Mzimba (Aerodrome)","degree celsius","2019M9","15.0833333333333"
"Min","Mzimba (Aerodrome)","degree celsius","2019M10","17.7378064516129"
"Min","Mzimba (Aerodrome)","degree celsius","2019M11","18.8958333333333"
"Min","Mzimba (Aerodrome)","degree celsius","2019M12","18.3780860215054"
"Min","Mzimba (Aerodrome)","degree celsius","2019","15.9073771729391"
"Min","Mzimba (Mzuzu Airport)","degree celsius","2019","14.0211651234568"
"Min","Mzimba (Mzuzu Airport)","degree celsius","2019M1","17.6081481481481"
"Min","Mzimba (Mzuzu Airport)","degree celsius","2019M2","17.3655555555556"
"Min","Mzimba (Mzuzu Airport)","degree celsius","2019M3","17.1740740740741"
"Min","Mzimba (Mzuzu Airport)","degree celsius","2019M4","16.3359259259259"
"Min","Mzimba (Mzuzu Airport)","degree celsius","2019M5","12.9955555555556"
"Min","Mzimba (Mzuzu Airport)","degree celsius","2019M6","9.44962962962963"
"Min","Mzimba (Mzuzu Airport)","degree celsius","2019M7","8.4125"
"Min","Mzimba (Mzuzu Airport)","degree celsius","2019M8","9.45925925925926"
"Min","Mzimba (Mzuzu Airport)","degree celsius","2019M9","10.7166666666667"
"Min","Mzimba (Mzuzu Airport)","degree celsius","2019M10","14.8"
"Min","Mzimba (Mzuzu Airport)","degree celsius","2019M11","16.644"
"Min","Mzimba (Mzuzu Airport)","degree celsius","2019M12","17.2926666666667"
"Min","Kasungu (Aerodrome)","degree celsius","2019M1","18.957"
"Min","Kasungu (Aerodrome)","degree celsius","2019M2","18.579"
"Min","Kasungu (Aerodrome)","degree celsius","2019M3","18.261"
"Min","Kasungu (Aerodrome)","degree celsius","2019M4","16.1322222222222"
"Min","Kasungu (Aerodrome)","degree celsius","2019M5","13.1423333333333"
"Min","Kasungu (Aerodrome)","degree celsius","2019M6","10.7125"
"Min","Kasungu (Aerodrome)","degree celsius","2019M7","10.4681481481481"
"Min","Kasungu (Aerodrome)","degree celsius","2019M8","12.6125"
"Min","Kasungu (Aerodrome)","degree celsius","2019M9","15.525"
"Min","Kasungu (Aerodrome)","degree celsius","2019M10","18.6966666666667"
"Min","Kasungu (Aerodrome)","degree celsius","2019M11","19.84"
"Min","Kasungu (Aerodrome)","degree celsius","2019M12","19.175"
"Min","Kasungu (Aerodrome)","degree celsius","2019","16.0084475308642"
"Min","Nkhotakota (Aerodrome)","degree celsius","2019","20.3525277777778"
"Min","Nkhotakota (Aerodrome)","degree celsius","2019M1","21.958"
"Min","Nkhotakota (Aerodrome)","degree celsius","2019M2","21.724"
"Min","Nkhotakota (Aerodrome)","degree celsius","2019M3","21.703"
"Min","Nkhotakota (Aerodrome)","degree celsius","2019M4","20.9733333333333"
"Min","Nkhotakota (Aerodrome)","degree celsius","2019M5","19.55"
"Min","Nkhotakota (Aerodrome)","degree celsius","2019M6","17.05"
"Min","Nkhotakota (Aerodrome)","degree celsius","2019M7","16.4033333333333"
"Min","Nkhotakota (Aerodrome)","degree celsius","2019M8","17.318"
"Min","Nkhotakota (Aerodrome)","degree celsius","2019M9","19.8376666666667"
"Min","Nkhotakota (Aerodrome)","degree celsius","2019M10","22.0206666666667"
"Min","Nkhotakota (Aerodrome)","degree celsius","2019M11","23.2046666666667"
"Min","Nkhotakota (Aerodrome)","degree celsius","2019M12","22.4876666666667"
"Min","Lilongwe (Chitedze)","degree celsius","2019","15.2718148148148"
"Min","Lilongwe (Chitedze)","degree celsius","2019M1","18.8883333333333"
"Min","Lilongwe (Chitedze)","degree celsius","2019M2","18.3266666666667"
"Min","Lilongwe (Chitedze)","degree celsius","2019M3","17.7893333333333"
"Min","Lilongwe (Chitedze)","degree celsius","2019M4","15.554"
"Min","Lilongwe (Chitedze)","degree celsius","2019M5","12.71"
"Min","Lilongwe (Chitedze)","degree celsius","2019M6","10.5661111111111"
"Min","Lilongwe (Chitedze)","degree celsius","2019M7","10.2264814814815"
"Min","Lilongwe (Chitedze)","degree celsius","2019M8","11.2685185185185"
"Min","Lilongwe (Chitedze)","degree celsius","2019M9","13.4216666666667"
"Min","Lilongwe (Chitedze)","degree celsius","2019M10","16.709"
"Min","Lilongwe (Chitedze)","degree celsius","2019M11","18.6673333333333"
"Min","Lilongwe (Chitedze)","degree celsius","2019M12","19.1343333333333"
"Min","Salima (Airport)","degree celsius","2019","20.7814845679012"
"Min","Salima (Airport)","degree celsius","2019M1","23.19"
"Min","Salima (Airport)","degree celsius","2019M2","22.013"
"Min","Salima (Airport)","degree celsius","2019M3","21.907"
"Min","Salima (Airport)","degree celsius","2019M4","21.146"
"Min","Salima (Airport)","degree celsius","2019M5","19.1206666666667"
"Min","Salima (Airport)","degree celsius","2019M6","17.1096666666667"
"Min","Salima (Airport)","degree celsius","2019M7","16.9403333333333"
"Min","Salima (Airport)","degree celsius","2019M8","17.6053333333333"
"Min","Salima (Airport)","degree celsius","2019M9","19.4414814814815"
"Min","Salima (Airport)","degree celsius","2019M10","22.0656666666667"
"Min","Salima (Airport)","degree celsius","2019M11","24.8593333333333"
"Min","Salima (Airport)","degree celsius","2019M12","23.9793333333333"
"Min","Lilongwe (Kamuzu Airport)","degree celsius","2019","14.6841666666667"
"Min","Lilongwe (Kamuzu Airport)","degree celsius","2019M1","17.8766666666667"
"Min","Lilongwe (Kamuzu Airport)","degree celsius","2019M2","17.6666666666667"
"Min","Lilongwe (Kamuzu Airport)","degree celsius","2019M3","17.0966666666667"
"Min","Lilongwe (Kamuzu Airport)","degree celsius","2019M4","14.96"
"Min","Lilongwe (Kamuzu Airport)","degree celsius","2019M5","12.1733333333333"
"Min","Lilongwe (Kamuzu Airport)","degree celsius","2019M6","9.23666666666667"
"Min","Lilongwe (Kamuzu Airport)","degree celsius","2019M7","8.85666666666667"
"Min","Lilongwe (Kamuzu Airport)","degree celsius","2019M8","11.5266666666667"
"Min","Lilongwe (Kamuzu Airport)","degree celsius","2019M9","13.5633333333333"
"Min","Lilongwe (Kamuzu Airport)","degree celsius","2019M10","16.4633333333333"
"Min","Lilongwe (Kamuzu Airport)","degree celsius","2019M11","18.38"
"Min","Lilongwe (Kamuzu Airport)","degree celsius","2019M12","18.41"
"Min","Dedza (Met)","degree celsius","2019M1","15.703"
"Min","Dedza (Met)","degree celsius","2019M2","15.7663333333333"
"Min","Dedza (Met)","degree celsius","2019M3","15.3886666666667"
"Min","Dedza (Met)","degree celsius","2019M4","14.098"
"Min","Dedza (Met)","degree celsius","2019M5","11.9155555555556"
"Min","Dedza (Met)","degree celsius","2019M6","9.67133333333333"
"Min","Dedza (Met)","degree celsius","2019M7","9.107"
"Min","Dedza (Met)","degree celsius","2019M8","10.7336666666667"
"Min","Dedza (Met)","degree celsius","2019M9","13.1956666666667"
"Min","Dedza (Met)","degree celsius","2019M10","15.153"
"Min","Dedza (Met)","degree celsius","2019M11","16.0673333333333"
"Min","Dedza (Met)","degree celsius","2019M12","16.3073333333333"
"Min","Dedza (Met)","degree celsius","2019","13.5922407407407"
"Min","Blantyre (Chileka)","degree celsius","2019","18.1679783950617"
"Min","Blantyre (Chileka)","degree celsius","2019M1","20.56"
"Min","Blantyre (Chileka)","degree celsius","2019M2","20.1766666666667"
"Min","Blantyre (Chileka)","degree celsius","2019M3","19.9791666666667"
"Min","Blantyre (Chileka)","degree celsius","2019M4","18.3791666666667"
"Min","Blantyre (Chileka)","degree celsius","2019M5","16.2622222222222"
"Min","Blantyre (Chileka)","degree celsius","2019M6","14.3733333333333"
"Min","Blantyre (Chileka)","degree celsius","2019M7","13.9166666666667"
"Min","Blantyre (Chileka)","degree celsius","2019M8","15.1014814814815"
"Min","Blantyre (Chileka)","degree celsius","2019M9","17.8"
"Min","Blantyre (Chileka)","degree celsius","2019M10","19.6377777777778"
"Min","Blantyre (Chileka)","degree celsius","2019M11","21.0162962962963"
"Min","Blantyre (Chileka)","degree celsius","2019M12","20.812962962963"
"Min","Blantyre (Chichiri)","degree celsius","2019","16.4662637240967"
"Min","Blantyre (Chichiri)","degree celsius","2019M1","18.799623655914"
"Min","Blantyre (Chichiri)","degree celsius","2019M2","18.4734137931034"
"Min","Blantyre (Chichiri)","degree celsius","2019M3","18.4225053763441"
"Min","Blantyre (Chichiri)","degree celsius","2019M4","16.701"
"Min","Blantyre (Chichiri)","degree celsius","2019M5","14.552376344086"
"Min","Blantyre (Chichiri)","degree celsius","2019M6","12.8860740740741"
"Min","Blantyre (Chichiri)","degree celsius","2019M7","12.2623416965352"
"Min","Blantyre (Chichiri)","degree celsius","2019M8","13.3751612903226"
"Min","Blantyre (Chichiri)","degree celsius","2019M9","15.8225555555556"
"Min","Blantyre (Chichiri)","degree celsius","2019M10","18.2536129032258"
"Min","Blantyre (Chichiri)","degree celsius","2019M11","19.0308666666667"
"Min","Blantyre (Chichiri)","degree celsius","2019M12","19.0156333333333"
"Min","Mangochi (Monkey Bay Met)","degree celsius","2019","20.78"
"Min","Mangochi (Monkey Bay Met)","degree celsius","2019M1","22.95"
"Min","Mangochi (Monkey Bay Met)","degree celsius","2019M2","22.37"
"Min","Mangochi (Monkey Bay Met)","degree celsius","2019M3","22.22"
"Min","Mangochi (Monkey Bay Met)","degree celsius","2019M4","20.37"
"Min","Mangochi (Monkey Bay Met)","degree celsius","2019M5","18.82"
"Min","Mangochi (Monkey Bay Met)","degree celsius","2019M6","16.91"
"Min","Mangochi (Monkey Bay Met)","degree celsius","2019M7","17.3"
"Min","Mangochi (Monkey Bay Met)","degree celsius","2019M8","17.75"
"Min","Mangochi (Monkey Bay Met)","degree celsius","2019M9","19.05"
"Min","Mangochi (Monkey Bay Met)","degree celsius","2019M10","23"
"Min","Mangochi (Monkey Bay Met)","degree celsius","2019M11","24.98"
"Min","Mangochi (Monkey Bay Met)","degree celsius","2019M12","23.64"
"Min","Zomba (Makoka)","degree celsius","2019","16.1038611111111"
"Min","Zomba (Makoka)","degree celsius","2019M1","19.0155555555556"
"Min","Zomba (Makoka)","degree celsius","2019M2","18.5448148148148"
"Min","Zomba (Makoka)","degree celsius","2019M3","18.3859259259259"
"Min","Zomba (Makoka)","degree celsius","2019M4","16.3137037037037"
"Min","Zomba (Makoka)","degree celsius","2019M5","13.673"
"Min","Zomba (Makoka)","degree celsius","2019M6","11.934"
"Min","Zomba (Makoka)","degree celsius","2019M7","11.656"
"Min","Zomba (Makoka)","degree celsius","2019M8","12.5444444444444"
"Min","Zomba (Makoka)","degree celsius","2019M9","15.3344444444444"
"Min","Zomba (Makoka)","degree celsius","2019M10","17.7711111111111"
"Min","Zomba (Makoka)","degree celsius","2019M11","18.9914814814815"
"Min","Zomba (Makoka)","degree celsius","2019M12","19.0818518518519"
"Min","Mangochi (Aerodrome)","degree celsius","2019","19.8119939190182"
"Min","Mangochi (Aerodrome)","degree celsius","2019M1","22.646524691358"
"Min","Mangochi (Aerodrome)","degree celsius","2019M2","22.1590617283951"
"Min","Mangochi (Aerodrome)","degree celsius","2019M3","21.9097927689594"
"Min","Mangochi (Aerodrome)","degree celsius","2019M4","20.1593580246914"
"Min","Mangochi (Aerodrome)","degree celsius","2019M5","17.4102777777778"
"Min","Mangochi (Aerodrome)","degree celsius","2019M6","15.0957083333333"
"Min","Mangochi (Aerodrome)","degree celsius","2019M7","15.000987654321"
"Min","Mangochi (Aerodrome)","degree celsius","2019M8","16.1579861111111"
"Min","Mangochi (Aerodrome)","degree celsius","2019M9","19.0058472222222"
"Min","Mangochi (Aerodrome)","degree celsius","2019M10","21.9486419753086"
"Min","Mangochi (Aerodrome)","degree celsius","2019M11","23.1894938271605"
"Min","Mangochi (Aerodrome)","degree celsius","2019M12","23.0602469135803"
